Assumptions,Category,Item,[2026] age=50;,[2027] age=51;,[2028] age=52;,[2029] age=53;,[2030] age=54;,[2031] age=55;,[2032] age=56;,[2033] age=57;,[2034] age=58;,[2035] age=59;,[2036] age=60;,[2037] age=61;,[2038] age=62;,[2039] age=63;,[2040] age=64;,[2041] age=65;,[2042] age=66;,[2043] age=67;,[2044] age=68;,[2045] age=69;,[2046] age=70;,[2047] age=71;,[2048] age=72;,[2049] age=73;,[2050] age=74;,[2051] age=75;,[2052] age=76;,[2053] age=77;,[2054] age=78;,[2055] age=79;,[2056] age=80;,[2057] age=81;,[2058] age=82;,[2059] age=83;,[2060] age=84;,[2061] age=85;,[2062] age=86;,[2063] age=87;,[2064] age=88;,[2065] age=89;,[2066] age=90;,[2067] age=91;,[2068] age=92;,[2069] age=93;,[2070] age=94;,[2071] age=95;
"Optimistic","Accounts","Cash Savings","$6,280.00","$5,042.00","$6,426.00","$0.00","$0.00","$0.00","$0.00","$0.00","$0.00","$0.00","$0.00","$0.00","$0.00","$0.00","$0.00","$0.00","$0.00","$0.00","$0.00","$0.00","$0.00","$0.00","$0.00","$0.00","$0.00","$0.00","$0.00","$0.00","$0.00","$0.00","$0.00","$0.00","$0.00","$0.00","$0.00","$0.00","$0.00","$0.00","$0.00","$0.00","$0.00","$0.00","$0.00","$0.00","$0.00","$0.00"
"Optimistic","Accounts","CC","−$4,583.00","$0.00","$0.00","$0.00","$0.00","$0.00","$0.00","$0.00","$0.00","$0.00","$0.00","$0.00","$0.00","$0.00","$0.00","$0.00","$0.00","$0.00","$0.00","$0.00","$0.00","$0.00","$0.00","$0.00","$0.00","$0.00","$0.00","$0.00","$0.00","$0.00","$0.00","$0.00","$0.00","$0.00","$0.00","$0.00","$0.00","$0.00","$0.00","$0.00","$0.00","$0.00","$0.00","$0.00","$0.00","$0.00"
"Optimistic","Accounts","HSA","$258,710.00","$286,030.00","$316,235.00","$349,629.00","$386,550.00","$427,370.00","$472,500.00","$522,396.00","$577,561.00","$638,551.00","$705,982.00","$780,534.00","$862,959.00","$954,087.00","$1,054,839.00","$1,166,230.00","$1,289,384.00","$1,425,543.00","$1,576,080.00","$1,742,514.00","$1,926,524.00","$2,129,965.00","$2,354,889.00","$2,603,565.00","$2,878,502.00","$3,182,472.00","$3,518,541.00","$3,890,099.00","$4,300,893.00","$4,755,068.00","$5,257,203.00","$5,812,364.00","$6,426,149.00","$7,104,751.00","$7,855,013.00","$8,684,502.00","$9,601,585.00","$10,615,513.00","$11,736,511.00","$12,975,887.00","$14,346,140.00","$15,861,093.00","$17,536,024.00","$19,387,828.00","$21,435,183.00","$23,698,739.00"
"Optimistic","Accounts","Investments","$68,323.00","$77,763.00","$90,607.00","$60,793.00","$0.00","$0.00","$698,271.00","$595,091.00","$474,136.00","$335,124.00","$176,271.00","$0.00","$0.00","$0.00","$0.00","$0.00","$0.00","$0.00","$0.00","$0.00","$0.00","$0.00","$0.00","$0.00","$0.00","$33,513.00","$110,207.00","$207,034.00","$326,524.00","$470,486.00","$644,663.00","$852,148.00","$1,098,964.00","$1,389,658.00","$1,731,974.00","$2,131,629.00","$2,596,488.00","$3,135,362.00","$3,755,364.00","$4,469,752.00","$5,287,084.00","$6,219,761.00","$7,280,600.00","$8,470,517.00","$9,751,585.00","$11,129,576.00"
"Optimistic","Accounts","Retirement Savings","$3,037,143.00","$3,377,104.00","$3,753,356.00","$4,159,975.00","$4,245,534.00","$4,220,182.00","$4,412,637.00","$4,618,983.00","$4,840,527.00","$5,078,703.00","$5,335,097.00","$5,607,060.00","$5,745,452.00","$5,866,195.00","$5,984,601.00","$6,089,475.00","$6,190,814.00","$6,289,286.00","$6,384,470.00","$6,475,729.00","$6,562,313.00","$6,643,368.00","$6,717,952.00","$6,785,016.00","$6,843,371.00","$7,275,087.00","$7,727,703.00","$8,197,080.00","$8,680,264.00","$9,174,858.00","$9,678,118.00","$10,189,030.00","$10,701,063.00","$11,212,367.00","$11,713,712.00","$12,202,132.00","$12,670,200.00","$13,109,221.00","$13,516,228.00","$13,873,716.00","$14,177,951.00","$14,416,949.00","$14,577,285.00","$14,643,942.00","$14,613,784.00","$14,471,207.00"
"Optimistic","Accounts","Roth IRA","$316,201.00","$349,592.00","$386,509.00","$427,324.00","$713,258.00","$1,035,502.00","$1,398,047.00","$1,805,309.00","$2,262,170.00","$2,774,040.00","$3,346,895.00","$3,987,355.00","$4,662,129.00","$5,414,603.00","$6,253,147.00","$7,189,982.00","$8,232,768.00","$9,392,875.00","$10,682,875.00","$12,116,670.00","$13,709,637.00","$15,478,785.00","$17,442,917.00","$19,622,833.00","$22,041,535.00","$24,369,121.00","$26,942,500.00","$29,787,628.00","$32,933,202.00","$36,410,948.00","$40,255,944.00","$44,506,972.00","$49,206,908.00","$54,403,157.00","$60,148,131.00","$66,499,774.00","$73,522,150.00","$81,286,089.00","$89,869,900.00","$99,360,161.00","$109,852,594.00","$121,453,028.00","$134,278,468.00","$148,458,275.00","$164,135,468.00","$181,468,174.00"
"Optimistic","Accounts","Housing","$710,640.00","$748,161.00","$787,664.00","$829,253.00","$873,038.00","$919,134.00","$0.00","$0.00","$0.00","$0.00","$0.00","$0.00","$0.00","$0.00","$0.00","$0.00","$0.00","$0.00","$0.00","$0.00","$0.00","$0.00","$0.00","$0.00","$0.00","$0.00","$0.00","$0.00","$0.00","$0.00","$0.00","$0.00","$0.00","$0.00","$0.00","$0.00","$0.00","$0.00","$0.00","$0.00","$0.00","$0.00","$0.00","$0.00","$0.00","$0.00"
"Optimistic","Accounts","Other Assets","$519,999.00","$540,799.00","$562,431.00","$584,929.00","$608,326.00","$632,659.00","$657,965.00","$684,284.00","$711,655.00","$740,122.00","$769,727.00","$800,516.00","$832,536.00","$865,838.00","$900,471.00","$936,490.00","$973,950.00","$1,012,908.00","$1,053,424.00","$1,095,561.00","$1,139,384.00","$1,184,959.00","$1,232,357.00","$1,281,652.00","$1,332,918.00","$1,386,234.00","$1,441,684.00","$1,499,351.00","$1,559,325.00","$1,621,698.00","$1,686,566.00","$1,754,029.00","$1,824,190.00","$1,897,158.00","$1,973,044.00","$2,051,966.00","$2,134,044.00","$2,219,406.00","$2,308,182.00","$2,400,510.00","$2,496,530.00","$2,596,391.00","$2,700,247.00","$2,808,257.00","$2,920,587.00","$3,037,411.00"
"Optimistic","Accounts","Non-mortgage Debt","−$4,583.00","$0.00","$0.00","$0.00","$0.00","$0.00","$0.00","$0.00","$0.00","$0.00","$0.00","$0.00","$0.00","$0.00","$0.00","$0.00","$0.00","$0.00","$0.00","$0.00","$0.00","$0.00","$0.00","$0.00","$0.00","$0.00","$0.00","$0.00","$0.00","$0.00","$0.00","$0.00","$0.00","$0.00","$0.00","$0.00","$0.00","$0.00","$0.00","$0.00","$0.00","$0.00","$0.00","$0.00","$0.00","$0.00"
"Optimistic","Income","Investment Income","$197.00","$128.00","$134.00","$93.00","$0.00","$0.00","$0.00","$0.00","$0.00","$0.00","$0.00","$0.00","$0.00","$0.00","$0.00","$0.00","$0.00","$0.00","$0.00","$0.00","$0.00","$0.00","$0.00","$0.00","$0.00","$0.00","$0.00","$0.00","$0.00","$0.00","$0.00","$0.00","$0.00","$0.00","$0.00","$0.00","$0.00","$0.00","$0.00","$0.00","$0.00","$0.00","$0.00","$0.00","$0.00","$0.00"
"Optimistic","Income","Required Minimum Distribution","$0.00","$0.00","$0.00","$0.00","$0.00","$0.00","$0.00","$0.00","$0.00","$0.00","$0.00","$0.00","$0.00","$0.00","$0.00","$0.00","$0.00","$0.00","$0.00","$0.00","$0.00","$0.00","$0.00","$0.00","$0.00","$278,185.00","$306,965.00","$337,454.00","$372,594.00","$411,386.00","$454,200.00","$498,872.00","$550,758.00","$604,579.00","$667,402.00","$732,107.00","$802,771.00","$879,875.00","$956,877.00","$1,047,769.00","$1,137,189.00","$1,232,865.00","$1,334,902.00","$1,443,295.00","$1,541,467.00","$1,641,998.00"
"Optimistic","Income","Savings Drawdown","$5,117.00","$2,590.00","$0.00","$55,369.00","$172,026.00","$215,143.00","$192,562.00","$163,759.00","$171,051.00","$177,024.00","$183,028.00","$189,082.00","$190,280.00","$214,054.00","$221,983.00","$237,452.00","$244,586.00","$250,603.00","$256,568.00","$262,634.00","$268,832.00","$275,185.00","$281,687.00","$288,339.00","$295,160.00","$0.00","$0.00","$0.00","$0.00","$0.00","$0.00","$0.00","$0.00","$0.00","$0.00","$0.00","$0.00","$0.00","$0.00","$0.00","$0.00","$0.00","$0.00","$0.00","$0.00","$0.00"
"Optimistic","Income","Work","$147,996.00","$152,506.00","$157,155.00","$80,972.00","$0.00","$0.00","$0.00","$0.00","$0.00","$0.00","$0.00","$0.00","$0.00","$0.00","$0.00","$0.00","$0.00","$0.00","$0.00","$0.00","$0.00","$0.00","$0.00","$0.00","$0.00","$0.00","$0.00","$0.00","$0.00","$0.00","$0.00","$0.00","$0.00","$0.00","$0.00","$0.00","$0.00","$0.00","$0.00","$0.00","$0.00","$0.00","$0.00","$0.00","$0.00","$0.00"
"Optimistic","Income","Social Security","$0.00","$0.00","$0.00","$0.00","$0.00","$0.00","$0.00","$0.00","$0.00","$0.00","$0.00","$0.00","$41,844.00","$42,696.00","$43,560.00","$44,448.00","$45,348.00","$46,272.00","$47,208.00","$48,168.00","$49,152.00","$50,148.00","$51,168.00","$52,212.00","$53,268.00","$54,348.00","$55,452.00","$56,580.00","$57,732.00","$58,908.00","$60,096.00","$61,320.00","$62,568.00","$63,840.00","$65,136.00","$66,456.00","$67,812.00","$69,192.00","$70,596.00","$72,024.00","$73,488.00","$74,988.00","$76,512.00","$78,060.00","$79,656.00","$81,264.00"
"Optimistic","Income","Primary Home Sale","$0.00","$0.00","$0.00","$0.00","$0.00","$0.00","$827,420.00","$0.00","$0.00","$0.00","$0.00","$0.00","$0.00","$0.00","$0.00","$0.00","$0.00","$0.00","$0.00","$0.00","$0.00","$0.00","$0.00","$0.00","$0.00","$0.00","$0.00","$0.00","$0.00","$0.00","$0.00","$0.00","$0.00","$0.00","$0.00","$0.00","$0.00","$0.00","$0.00","$0.00","$0.00","$0.00","$0.00","$0.00","$0.00","$0.00"
"Optimistic","Expense","Medical","$3,000.00","$3,080.00","$3,163.00","$3,248.00","$3,335.00","$3,425.00","$3,517.00","$3,612.00","$3,709.00","$3,808.00","$3,911.00","$4,016.00","$4,124.00","$4,235.00","$4,349.00","$3,582.00","$3,296.00","$3,385.00","$3,476.00","$3,569.00","$3,665.00","$3,764.00","$3,865.00","$3,969.00","$4,075.00","$4,185.00","$4,297.00","$4,413.00","$4,532.00","$4,653.00","$4,778.00","$4,907.00","$5,039.00","$5,174.00","$5,313.00","$5,456.00","$5,603.00","$5,754.00","$5,908.00","$6,067.00","$6,230.00","$6,398.00","$6,570.00","$6,746.00","$6,927.00","$7,114.00"
"Optimistic","Expense","Mortgage","$31,200.00","$31,200.00","$31,200.00","$31,200.00","$31,200.00","$31,200.00","$0.00","$0.00","$0.00","$0.00","$0.00","$0.00","$0.00","$0.00","$0.00","$0.00","$0.00","$0.00","$0.00","$0.00","$0.00","$0.00","$0.00","$0.00","$0.00","$0.00","$0.00","$0.00","$0.00","$0.00","$0.00","$0.00","$0.00","$0.00","$0.00","$0.00","$0.00","$0.00","$0.00","$0.00","$0.00","$0.00","$0.00","$0.00","$0.00","$0.00"
"Optimistic","Expense","Long Term Care","$0.00","$0.00","$0.00","$0.00","$0.00","$0.00","$0.00","$0.00","$0.00","$0.00","$0.00","$0.00","$0.00","$0.00","$0.00","$0.00","$0.00","$0.00","$0.00","$0.00","$0.00","$0.00","$0.00","$0.00","$0.00","$0.00","$0.00","$0.00","$0.00","$0.00","$0.00","$0.00","$0.00","$0.00","$0.00","$0.00","$0.00","$0.00","$0.00","$0.00","$0.00","$0.00","$0.00","$24,611.00","$126,365.00","$233,571.00"
"Optimistic","Expense","Estimated Income Tax Payments","$31,313.00","$32,391.00","$33,537.00","$12,563.00","$66,566.00","$106,516.00","$80,729.00","$48,639.00","$51,484.00","$52,963.00","$54,483.00","$56,045.00","$94,860.00","$127,821.00","$133,967.00","$139,921.00","$145,428.00","$149,412.00","$153,294.00","$157,239.00","$161,278.00","$165,418.00","$169,666.00","$174,021.00","$178,488.00","$103,258.00","$63,039.00","$72,848.00","$83,379.00","$95,065.00","$108,128.00","$122,731.00","$139,837.00","$157,599.00","$178,490.00","$200,016.00","$223,607.00","$249,429.00","$275,190.00","$305,786.00","$335,846.00","$368,071.00","$402,495.00","$439,115.00","$472,393.00","$507,596.00"
"Optimistic","Expense","Capital Gains Tax Payments","$0.00","$0.00","$0.00","$0.00","$5,897.00","$7,652.00","$0.00","$991.00","$3,096.00","$5,198.00","$7,242.00","$9,245.00","$10,929.00","$0.00","$0.00","$0.00","$0.00","$0.00","$0.00","$0.00","$0.00","$0.00","$0.00","$0.00","$0.00","$0.00","$0.00","$0.00","$0.00","$0.00","$0.00","$0.00","$0.00","$0.00","$0.00","$0.00","$0.00","$0.00","$0.00","$0.00","$0.00","$0.00","$0.00","$0.00","$0.00","$0.00"
"Optimistic","Expense","Non-Mortgage Debt Payments","$6,000.00","$4,739.00","$0.00","$0.00","$0.00","$0.00","$0.00","$0.00","$0.00","$0.00","$0.00","$0.00","$0.00","$0.00","$0.00","$0.00","$0.00","$0.00","$0.00","$0.00","$0.00","$0.00","$0.00","$0.00","$0.00","$0.00","$0.00","$0.00","$0.00","$0.00","$0.00","$0.00","$0.00","$0.00","$0.00","$0.00","$0.00","$0.00","$0.00","$0.00","$0.00","$0.00","$0.00","$0.00","$0.00","$0.00"
"Optimistic","Expense","General recurring","$60,000.00","$61,219.00","$62,463.00","$63,732.00","$65,027.00","$66,348.00","$67,697.00","$69,072.00","$70,476.00","$71,908.00","$73,369.00","$74,860.00","$76,381.00","$77,933.00","$79,517.00","$81,132.00","$82,781.00","$84,463.00","$86,179.00","$87,931.00","$89,717.00","$91,541.00","$93,401.00","$95,299.00","$97,235.00","$99,211.00","$101,227.00","$103,284.00","$105,382.00","$107,524.00","$109,709.00","$111,938.00","$114,213.00","$116,533.00","$118,901.00","$121,318.00","$123,783.00","$126,298.00","$128,864.00","$131,483.00","$134,155.00","$136,881.00","$139,662.00","$142,500.00","$145,396.00","$148,350.00"
"Optimistic","Expense","Unsaved Excess Income","$0.00","$171.00","$1,721.00","$5,650.00","$0.00","$0.00","$0.00","$0.00","$0.00","$0.00","$0.00","$0.00","$0.00","$0.00","$0.00","$0.00","$0.00","$0.00","$0.00","$0.00","$0.00","$0.00","$0.00","$0.00","$0.00","$22,342.00","$48,962.00","$57,425.00","$66,274.00","$74,864.00","$85,699.00","$96,643.00","$109,449.00","$122,744.00","$138,364.00","$154,458.00","$172,089.00","$191,377.00","$210,622.00","$233,462.00","$255,903.00","$279,956.00","$305,097.00","$322,563.00","$306,398.00","$288,187.00"
"Optimistic","Expense","Rent","$0.00","$0.00","$0.00","$0.00","$0.00","$0.00","$40,618.00","$41,443.00","$42,285.00","$43,144.00","$44,021.00","$44,916.00","$45,828.00","$46,760.00","$47,710.00","$48,679.00","$49,668.00","$50,678.00","$51,707.00","$52,758.00","$53,830.00","$54,924.00","$56,040.00","$57,179.00","$58,341.00","$59,526.00","$60,736.00","$61,970.00","$63,229.00","$64,514.00","$65,825.00","$67,163.00","$68,527.00","$69,920.00","$71,341.00","$72,790.00","$74,269.00","$75,779.00","$77,318.00","$78,890.00","$80,493.00","$82,128.00","$83,797.00","$85,500.00","$87,237.00","$89,010.00"
"Optimistic","Expense","IRMAA","$0.00","$0.00","$0.00","$0.00","$0.00","$0.00","$0.00","$0.00","$0.00","$0.00","$0.00","$0.00","$0.00","$0.00","$0.00","$8,583.00","$8,758.00","$8,936.00","$9,117.00","$9,303.00","$9,492.00","$9,685.00","$9,881.00","$10,082.00","$10,287.00","$10,496.00","$10,709.00","$7,952.00","$8,114.00","$11,376.00","$11,607.00","$11,843.00","$12,083.00","$12,329.00","$12,579.00","$12,835.00","$13,096.00","$13,362.00","$13,633.00","$13,910.00","$14,193.00","$14,482.00","$16,145.00","$16,473.00","$16,807.00","$17,149.00"
"Optimistic","Contributions","Real Estate: Investments","$0.00","$0.00","$0.00","$0.00","$0.00","$0.00","$827,420.00","$0.00","$0.00","$0.00","$0.00","$0.00","$0.00","$0.00","$0.00","$0.00","$0.00","$0.00","$0.00","$0.00","$0.00","$0.00","$0.00","$0.00","$0.00","$0.00","$0.00","$0.00","$0.00","$0.00","$0.00","$0.00","$0.00","$0.00","$0.00","$0.00","$0.00","$0.00","$0.00","$0.00","$0.00","$0.00","$0.00","$0.00","$0.00","$0.00"
"Optimistic","Contributions","Returns: Cash Savings","$197.00","$128.00","$134.00","$93.00","$0.00","$0.00","$0.00","$0.00","$0.00","$0.00","$0.00","$0.00","$0.00","$0.00","$0.00","$0.00","$0.00","$0.00","$0.00","$0.00","$0.00","$0.00","$0.00","$0.00","$0.00","$0.00","$0.00","$0.00","$0.00","$0.00","$0.00","$0.00","$0.00","$0.00","$0.00","$0.00","$0.00","$0.00","$0.00","$0.00","$0.00","$0.00","$0.00","$0.00","$0.00","$0.00"
"Optimistic","Contributions","Returns: HSA","$24,710.00","$27,319.00","$30,204.00","$33,394.00","$36,920.00","$40,819.00","$45,130.00","$49,896.00","$55,165.00","$60,990.00","$67,431.00","$74,551.00","$82,424.00","$91,128.00","$100,751.00","$111,391.00","$123,153.00","$136,158.00","$150,537.00","$166,434.00","$184,009.00","$203,440.00","$224,924.00","$248,676.00","$274,936.00","$303,969.00","$336,069.00","$371,557.00","$410,794.00","$454,174.00","$502,135.00","$555,160.00","$613,785.00","$678,601.00","$750,261.00","$829,489.00","$917,083.00","$1,013,927.00","$1,120,998.00","$1,239,375.00","$1,370,253.00","$1,514,952.00","$1,674,931.00","$1,851,804.00","$2,047,354.00","$2,263,555.00"
"Optimistic","Contributions","Returns: Investments","$5,923.00","$6,734.00","$7,763.00","$8,647.00","$1,259.00","$0.00","$63,413.00","$60,579.00","$50,097.00","$38,011.00","$24,176.00","$8,416.00","$0.00","$0.00","$0.00","$0.00","$0.00","$0.00","$0.00","$0.00","$0.00","$0.00","$0.00","$0.00","$0.00","$0.00","$3,250.00","$10,687.00","$20,078.00","$31,666.00","$45,627.00","$62,519.00","$82,641.00","$106,577.00","$134,769.00","$167,966.00","$206,725.00","$251,807.00","$304,067.00","$364,195.00","$433,476.00","$512,741.00","$603,192.00","$706,072.00","$821,470.00","$945,708.00"
"Optimistic","Contributions","Returns: Retirement Savings","$289,143.00","$321,595.00","$357,512.00","$397,059.00","$436,340.00","$436,714.00","$445,651.00","$465,974.00","$487,764.00","$511,159.00","$536,311.00","$563,386.00","$582,381.00","$594,950.00","$607,151.00","$618,829.00","$629,448.00","$639,802.00","$649,864.00","$659,575.00","$668,864.00","$677,650.00","$685,844.00","$693,347.00","$700,045.00","$709,902.00","$759,581.00","$806,831.00","$855,778.00","$905,980.00","$957,461.00","$1,009,783.00","$1,062,791.00","$1,115,883.00","$1,168,747.00","$1,220,526.00","$1,270,840.00","$1,318,896.00","$1,363,883.00","$1,405,257.00","$1,441,425.00","$1,471,863.00","$1,495,239.00","$1,509,952.00","$1,511,309.00","$1,499,421.00"
"Optimistic","Contributions","Returns: Roth IRA","$30,201.00","$33,390.00","$36,916.00","$40,815.00","$45,125.00","$75,320.00","$109,349.00","$147,633.00","$190,640.00","$238,885.00","$292,938.00","$353,432.00","$421,064.00","$492,320.00","$571,782.00","$660,332.00","$759,262.00","$869,380.00","$991,887.00","$1,128,111.00","$1,279,520.00","$1,447,737.00","$1,634,559.00","$1,841,972.00","$2,072,171.00","$2,327,586.00","$2,573,379.00","$2,845,128.00","$3,145,573.00","$3,477,746.00","$3,844,996.00","$4,251,027.00","$4,699,936.00","$5,196,249.00","$5,744,973.00","$6,351,642.00","$7,022,376.00","$7,763,939.00","$8,583,811.00","$9,490,261.00","$10,492,433.00","$11,600,434.00","$12,825,439.00","$14,179,806.00","$15,677,193.00","$17,332,705.00"
"Optimistic","Contributions","Monthly Savings: Retirement Savings","$18,000.00","$18,365.00","$18,738.00","$9,559.00","$0.00","$0.00","$0.00","$0.00","$0.00","$0.00","$0.00","$0.00","$0.00","$0.00","$0.00","$0.00","$0.00","$0.00","$0.00","$0.00","$0.00","$0.00","$0.00","$0.00","$0.00","$0.00","$0.00","$0.00","$0.00","$0.00","$0.00","$0.00","$0.00","$0.00","$0.00","$0.00","$0.00","$0.00","$0.00","$0.00","$0.00","$0.00","$0.00","$0.00","$0.00","$0.00"
"Optimistic","Contributions","Monthly Savings: Cash Savings","$1,200.00","$1,224.00","$1,249.00","$637.00","$0.00","$0.00","$0.00","$0.00","$0.00","$0.00","$0.00","$0.00","$0.00","$0.00","$0.00","$0.00","$0.00","$0.00","$0.00","$0.00","$0.00","$0.00","$0.00","$0.00","$0.00","$0.00","$0.00","$0.00","$0.00","$0.00","$0.00","$0.00","$0.00","$0.00","$0.00","$0.00","$0.00","$0.00","$0.00","$0.00","$0.00","$0.00","$0.00","$0.00","$0.00","$0.00"
"Optimistic","Contributions","Monthly Savings: Investments","$2,400.00","$2,448.00","$2,498.00","$1,274.00","$0.00","$0.00","$0.00","$0.00","$0.00","$0.00","$0.00","$0.00","$0.00","$0.00","$0.00","$0.00","$0.00","$0.00","$0.00","$0.00","$0.00","$0.00","$0.00","$0.00","$0.00","$0.00","$0.00","$0.00","$0.00","$0.00","$0.00","$0.00","$0.00","$0.00","$0.00","$0.00","$0.00","$0.00","$0.00","$0.00","$0.00","$0.00","$0.00","$0.00","$0.00","$0.00"
"Optimistic","Contributions","Transfer: Roth IRA","$0.00","$0.00","$0.00","$0.00","$240,808.00","$246,924.00","$253,196.00","$259,628.00","$266,221.00","$272,984.00","$279,917.00","$287,027.00","$253,710.00","$260,153.00","$266,762.00","$276,502.00","$283,524.00","$290,727.00","$298,112.00","$305,683.00","$313,447.00","$321,410.00","$329,573.00","$337,944.00","$346,530.00","$0.00","$0.00","$0.00","$0.00","$0.00","$0.00","$0.00","$0.00","$0.00","$0.00","$0.00","$0.00","$0.00","$0.00","$0.00","$0.00","$0.00","$0.00","$0.00","$0.00","$0.00"
"Optimistic","Contributions","Excess Income","$0.00","$256.00","$2,582.00","$8,476.00","$0.00","$0.00","$0.00","$0.00","$0.00","$0.00","$0.00","$0.00","$0.00","$0.00","$0.00","$0.00","$0.00","$0.00","$0.00","$0.00","$0.00","$0.00","$0.00","$0.00","$0.00","$33,513.00","$73,444.00","$86,138.00","$99,412.00","$112,296.00","$128,548.00","$144,965.00","$164,174.00","$184,117.00","$207,547.00","$231,687.00","$258,133.00","$287,066.00","$315,934.00","$350,193.00","$383,855.00","$419,935.00","$457,646.00","$483,844.00","$459,597.00","$432,281.00"
"Optimistic","Withdrawals","Transfer: Retirement Savings","$0.00","$0.00","$0.00","$0.00","$240,808.00","$246,924.00","$253,196.00","$259,628.00","$266,221.00","$272,984.00","$279,917.00","$287,027.00","$253,710.00","$260,153.00","$266,762.00","$276,502.00","$283,524.00","$290,727.00","$298,112.00","$305,683.00","$313,447.00","$321,410.00","$329,573.00","$337,944.00","$346,530.00","$0.00","$0.00","$0.00","$0.00","$0.00","$0.00","$0.00","$0.00","$0.00","$0.00","$0.00","$0.00","$0.00","$0.00","$0.00","$0.00","$0.00","$0.00","$0.00","$0.00","$0.00"
"Optimistic","Withdrawals","RMD: Retirement Savings","$0.00","$0.00","$0.00","$0.00","$0.00","$0.00","$0.00","$0.00","$0.00","$0.00","$0.00","$0.00","$0.00","$0.00","$0.00","$0.00","$0.00","$0.00","$0.00","$0.00","$0.00","$0.00","$0.00","$0.00","$0.00","$278,185.00","$306,965.00","$337,454.00","$372,594.00","$411,386.00","$454,200.00","$498,872.00","$550,758.00","$604,579.00","$667,402.00","$732,107.00","$802,771.00","$879,875.00","$956,877.00","$1,047,769.00","$1,137,189.00","$1,232,865.00","$1,334,902.00","$1,443,295.00","$1,541,467.00","$1,641,998.00"
"Optimistic","Withdrawals","Shortfall: Cash Savings","$5,117.00","$2,590.00","$0.00","$7,157.00","$0.00","$0.00","$0.00","$0.00","$0.00","$0.00","$0.00","$0.00","$0.00","$0.00","$0.00","$0.00","$0.00","$0.00","$0.00","$0.00","$0.00","$0.00","$0.00","$0.00","$0.00","$0.00","$0.00","$0.00","$0.00","$0.00","$0.00","$0.00","$0.00","$0.00","$0.00","$0.00","$0.00","$0.00","$0.00","$0.00","$0.00","$0.00","$0.00","$0.00","$0.00","$0.00"
"Optimistic","Withdrawals","Shortfall: Investments","$0.00","$0.00","$0.00","$48,212.00","$62,053.00","$0.00","$192,562.00","$163,759.00","$171,051.00","$177,024.00","$183,028.00","$184,687.00","$0.00","$0.00","$0.00","$0.00","$0.00","$0.00","$0.00","$0.00","$0.00","$0.00","$0.00","$0.00","$0.00","$0.00","$0.00","$0.00","$0.00","$0.00","$0.00","$0.00","$0.00","$0.00","$0.00","$0.00","$0.00","$0.00","$0.00","$0.00","$0.00","$0.00","$0.00","$0.00","$0.00","$0.00"
"Optimistic","Withdrawals","Shortfall: Retirement Savings","$0.00","$0.00","$0.00","$0.00","$109,973.00","$215,143.00","$0.00","$0.00","$0.00","$0.00","$0.00","$4,395.00","$190,280.00","$214,054.00","$221,983.00","$237,452.00","$244,586.00","$250,603.00","$256,568.00","$262,634.00","$268,832.00","$275,185.00","$281,687.00","$288,339.00","$295,160.00","$0.00","$0.00","$0.00","$0.00","$0.00","$0.00","$0.00","$0.00","$0.00","$0.00","$0.00","$0.00","$0.00","$0.00","$0.00","$0.00","$0.00","$0.00","$0.00","$0.00","$0.00"
"Optimistic","Taxes","Federal Income Tax","$19,980.00","$20,729.00","$21,523.00","$6,352.00","$82,818.00","$120,956.00","$48,645.00","$50,045.00","$51,484.00","$52,963.00","$54,483.00","$57,452.00","$120,914.00","$130,789.00","$135,162.00","$142,286.00","$146,476.00","$150,324.00","$154,200.00","$158,162.00","$162,222.00","$166,387.00","$170,658.00","$175,038.00","$179,531.00","$58,409.00","$65,146.00","$72,848.00","$83,380.00","$95,065.00","$108,128.00","$122,731.00","$139,837.00","$157,599.00","$178,490.00","$200,016.00","$223,607.00","$249,429.00","$275,190.00","$305,786.00","$335,846.00","$368,071.00","$402,495.00","$439,115.00","$472,393.00","$0.00"
"Optimistic","Taxes","Federal Capital Gains Tax","$0.00","$0.00","$0.00","$5,897.00","$7,652.00","$0.00","$991.00","$3,096.00","$5,198.00","$7,242.00","$9,245.00","$10,929.00","$0.00","$0.00","$0.00","$0.00","$0.00","$0.00","$0.00","$0.00","$0.00","$0.00","$0.00","$0.00","$0.00","$0.00","$0.00","$0.00","$0.00","$0.00","$0.00","$0.00","$0.00","$0.00","$0.00","$0.00","$0.00","$0.00","$0.00","$0.00","$0.00","$0.00","$0.00","$0.00","$0.00","$0.00"
"Optimistic","Taxes","FICA","$11,321.00","$11,666.00","$12,022.00","$6,194.00","$0.00","$0.00","$0.00","$0.00","$0.00","$0.00","$0.00","$0.00","$0.00","$0.00","$0.00","$0.00","$0.00","$0.00","$0.00","$0.00","$0.00","$0.00","$0.00","$0.00","$0.00","$0.00","$0.00","$0.00","$0.00","$0.00","$0.00","$0.00","$0.00","$0.00","$0.00","$0.00","$0.00","$0.00","$0.00","$0.00","$0.00","$0.00","$0.00","$0.00","$0.00","$0.00"
"Average","Accounts","Cash Savings","$6,256.00","$4,274.00","$5,633.00","$0.00","$0.00","$0.00","$0.00","$0.00","$0.00","$0.00","$0.00","$0.00","$0.00","$0.00","$0.00","$0.00","$0.00","$0.00","$0.00","$0.00","$0.00","$0.00","$0.00","$0.00","$0.00","$0.00","$0.00","$0.00","$0.00","$0.00","$0.00","$0.00","$0.00","$0.00","$0.00","$0.00","$0.00","$0.00","$0.00","$0.00","$0.00","$0.00","$0.00","$0.00","$0.00","$0.00"
"Average","Accounts","CC","−$4,583.00","$0.00","$0.00","$0.00","$0.00","$0.00","$0.00","$0.00","$0.00","$0.00","$0.00","$0.00","$0.00","$0.00","$0.00","$0.00","$0.00","$0.00","$0.00","$0.00","$0.00","$0.00","$0.00","$0.00","$0.00","$0.00","$0.00","$0.00","$0.00","$0.00","$0.00","$0.00","$0.00","$0.00","$0.00","$0.00","$0.00","$0.00","$0.00","$0.00","$0.00","$0.00","$0.00","$0.00","$0.00","$0.00"
"Average","Accounts","HSA","$254,595.00","$277,003.00","$301,384.00","$327,910.00","$356,771.00","$388,172.00","$422,337.00","$459,509.00","$499,953.00","$543,957.00","$591,833.00","$643,923.00","$700,598.00","$762,261.00","$829,352.00","$902,347.00","$981,767.00","$1,068,178.00","$1,162,194.00","$1,264,484.00","$1,375,778.00","$1,496,867.00","$1,628,613.00","$1,771,956.00","$1,927,915.00","$2,097,600.00","$2,282,220.00","$2,483,090.00","$2,701,639.00","$2,939,424.00","$3,198,138.00","$3,479,622.00","$3,785,881.00","$4,119,095.00","$4,481,637.00","$4,876,089.00","$5,305,258.00","$5,772,200.00","$6,280,240.00","$6,832,996.00","$7,434,402.00","$8,088,741.00","$8,800,671.00","$9,575,262.00","$10,418,029.00","$11,334,972.00"
"Average","Accounts","Investments","$67,336.00","$75,500.00","$85,791.00","$51,940.00","$0.00","$0.00","$635,786.00","$514,566.00","$375,660.00","$218,996.00","$43,048.00","$0.00","$0.00","$0.00","$0.00","$0.00","$0.00","$0.00","$0.00","$0.00","$0.00","$0.00","$0.00","$0.00","$0.00","$0.00","$0.00","$0.00","$0.00","$0.00","$0.00","$0.00","$0.00","$0.00","$0.00","$0.00","$0.00","$0.00","$0.00","$0.00","$0.00","$0.00","$0.00","$0.00","$0.00","$0.00"
"Average","Accounts","Retirement Savings","$2,988,996.00","$3,271,262.00","$3,578,860.00","$3,904,156.00","$3,881,076.00","$3,748,770.00","$3,825,523.00","$3,902,598.00","$3,979,864.00","$4,057,168.00","$4,134,343.00","$4,020,633.00","$3,893,228.00","$3,742,823.00","$3,566,413.00","$3,347,817.00","$3,094,806.00","$2,805,308.00","$2,475,952.00","$2,102,906.00","$1,681,962.00","$1,208,519.00","$677,566.00","$83,638.00","$0.00","$0.00","$0.00","$0.00","$0.00","$0.00","$0.00","$0.00","$0.00","$0.00","$0.00","$0.00","$0.00","$0.00","$0.00","$0.00","$0.00","$0.00","$0.00","$0.00","$0.00","$0.00"
"Average","Accounts","Roth IRA","$311,172.00","$338,560.00","$368,358.00","$400,779.00","$676,862.00","$983,360.00","$1,323,106.00","$1,699,187.00","$2,114,962.00","$2,574,095.00","$3,080,571.00","$3,638,734.00","$4,212,708.00","$4,843,642.00","$5,536,717.00","$6,300,534.00","$7,138,599.00","$8,057,630.00","$9,064,934.00","$10,168,467.00","$11,376,892.00","$12,699,639.00","$14,146,971.00","$15,730,061.00","$16,926,143.00","$18,327,294.00","$19,809,036.00","$21,417,818.00","$23,164,731.00","$25,061,837.00","$27,122,269.00","$29,360,311.00","$31,791,490.00","$34,432,707.00","$37,302,361.00","$40,420,439.00","$43,808,699.00","$47,490,818.00","$51,492,544.00","$55,841,886.00","$60,569,324.00","$65,708,020.00","$71,294,048.00","$77,333,712.00","$83,759,571.00","$90,593,057.00"
"Average","Accounts","Housing","$704,700.00","$735,706.00","$768,077.00","$801,873.00","$837,155.00","$873,990.00","$0.00","$0.00","$0.00","$0.00","$0.00","$0.00","$0.00","$0.00","$0.00","$0.00","$0.00","$0.00","$0.00","$0.00","$0.00","$0.00","$0.00","$0.00","$0.00","$0.00","$0.00","$0.00","$0.00","$0.00","$0.00","$0.00","$0.00","$0.00","$0.00","$0.00","$0.00","$0.00","$0.00","$0.00","$0.00","$0.00","$0.00","$0.00","$0.00","$0.00"
"Average","Accounts","Other Assets","$517,500.00","$535,612.00","$554,358.00","$573,761.00","$593,843.00","$614,627.00","$636,139.00","$658,404.00","$681,448.00","$705,299.00","$729,984.00","$755,534.00","$781,978.00","$809,347.00","$837,674.00","$866,993.00","$897,337.00","$928,744.00","$961,250.00","$994,894.00","$1,029,715.00","$1,065,755.00","$1,103,057.00","$1,141,664.00","$1,181,622.00","$1,222,979.00","$1,265,783.00","$1,310,085.00","$1,355,938.00","$1,403,396.00","$1,452,515.00","$1,503,353.00","$1,555,971.00","$1,610,430.00","$1,666,795.00","$1,725,133.00","$1,785,512.00","$1,848,005.00","$1,912,685.00","$1,979,629.00","$2,048,916.00","$2,120,628.00","$2,194,851.00","$2,271,670.00","$2,351,179.00","$2,433,470.00"
"Average","Accounts","Non-mortgage Debt","−$4,583.00","$0.00","$0.00","$0.00","$0.00","$0.00","$0.00","$0.00","$0.00","$0.00","$0.00","$0.00","$0.00","$0.00","$0.00","$0.00","$0.00","$0.00","$0.00","$0.00","$0.00","$0.00","$0.00","$0.00","$0.00","$0.00","$0.00","$0.00","$0.00","$0.00","$0.00","$0.00","$0.00","$0.00","$0.00","$0.00","$0.00","$0.00","$0.00","$0.00","$0.00","$0.00","$0.00","$0.00","$0.00","$0.00"
"Average","Income","Investment Income","$164.00","$98.00","$97.00","$69.00","$0.00","$0.00","$0.00","$0.00","$0.00","$0.00","$0.00","$0.00","$0.00","$0.00","$0.00","$0.00","$0.00","$0.00","$0.00","$0.00","$0.00","$0.00","$0.00","$0.00","$0.00","$0.00","$0.00","$0.00","$0.00","$0.00","$0.00","$0.00","$0.00","$0.00","$0.00","$0.00","$0.00","$0.00","$0.00","$0.00","$0.00","$0.00","$0.00","$0.00","$0.00","$0.00"
"Average","Income","Savings Drawdown","$5,107.00","$3,311.00","$0.00","$55,688.00","$175,489.00","$217,160.00","$195,064.00","$166,541.00","$174,037.00","$180,271.00","$186,595.00","$228,320.00","$217,500.00","$222,621.00","$228,502.00","$244,718.00","$252,467.00","$259,165.00","$265,847.00","$272,661.00","$279,639.00","$286,794.00","$294,131.00","$301,655.00","$266,463.00","$135,029.00","$126,317.00","$129,562.00","$132,896.00","$136,322.00","$139,831.00","$143,426.00","$147,124.00","$150,915.00","$154,791.00","$158,781.00","$162,875.00","$167,066.00","$171,370.00","$175,791.00","$180,321.00","$184,965.00","$189,727.00","$227,203.00","$368,008.00","$518,033.00"
"Average","Income","Work","$147,996.00","$151,755.00","$155,609.00","$79,781.00","$0.00","$0.00","$0.00","$0.00","$0.00","$0.00","$0.00","$0.00","$0.00","$0.00","$0.00","$0.00","$0.00","$0.00","$0.00","$0.00","$0.00","$0.00","$0.00","$0.00","$0.00","$0.00","$0.00","$0.00","$0.00","$0.00","$0.00","$0.00","$0.00","$0.00","$0.00","$0.00","$0.00","$0.00","$0.00","$0.00","$0.00","$0.00","$0.00","$0.00","$0.00","$0.00"
"Average","Income","Social Security","$0.00","$0.00","$0.00","$0.00","$0.00","$0.00","$0.00","$0.00","$0.00","$0.00","$0.00","$0.00","$44,412.00","$45,540.00","$46,692.00","$47,880.00","$49,104.00","$50,352.00","$51,624.00","$52,932.00","$54,276.00","$55,656.00","$57,072.00","$58,524.00","$60,012.00","$61,536.00","$63,096.00","$64,704.00","$66,348.00","$68,028.00","$69,756.00","$71,532.00","$73,344.00","$75,204.00","$77,124.00","$79,080.00","$81,084.00","$83,148.00","$85,260.00","$87,420.00","$89,640.00","$91,920.00","$94,260.00","$96,648.00","$99,108.00","$101,628.00"
"Average","Income","Primary Home Sale","$0.00","$0.00","$0.00","$0.00","$0.00","$0.00","$781,469.00","$0.00","$0.00","$0.00","$0.00","$0.00","$0.00","$0.00","$0.00","$0.00","$0.00","$0.00","$0.00","$0.00","$0.00","$0.00","$0.00","$0.00","$0.00","$0.00","$0.00","$0.00","$0.00","$0.00","$0.00","$0.00","$0.00","$0.00","$0.00","$0.00","$0.00","$0.00","$0.00","$0.00","$0.00","$0.00","$0.00","$0.00","$0.00","$0.00"
"Average","Expense","Medical","$3,000.00","$3,100.00","$3,204.00","$3,312.00","$3,423.00","$3,539.00","$3,657.00","$3,780.00","$3,907.00","$4,039.00","$4,174.00","$4,315.00","$4,460.00","$4,610.00","$4,764.00","$3,973.00","$3,683.00","$3,806.00","$3,934.00","$4,066.00","$4,203.00","$4,344.00","$4,490.00","$4,641.00","$4,797.00","$4,958.00","$5,125.00","$5,297.00","$5,475.00","$5,659.00","$5,849.00","$6,046.00","$6,249.00","$6,459.00","$6,676.00","$6,900.00","$7,132.00","$7,372.00","$7,620.00","$7,876.00","$8,140.00","$8,414.00","$8,697.00","$8,989.00","$9,291.00","$9,603.00"
"Average","Expense","Mortgage","$31,200.00","$31,200.00","$31,200.00","$31,200.00","$31,200.00","$31,200.00","$0.00","$0.00","$0.00","$0.00","$0.00","$0.00","$0.00","$0.00","$0.00","$0.00","$0.00","$0.00","$0.00","$0.00","$0.00","$0.00","$0.00","$0.00","$0.00","$0.00","$0.00","$0.00","$0.00","$0.00","$0.00","$0.00","$0.00","$0.00","$0.00","$0.00","$0.00","$0.00","$0.00","$0.00","$0.00","$0.00","$0.00","$0.00","$0.00","$0.00"
"Average","Expense","Long Term Care","$0.00","$0.00","$0.00","$0.00","$0.00","$0.00","$0.00","$0.00","$0.00","$0.00","$0.00","$0.00","$0.00","$0.00","$0.00","$0.00","$0.00","$0.00","$0.00","$0.00","$0.00","$0.00","$0.00","$0.00","$0.00","$0.00","$0.00","$0.00","$0.00","$0.00","$0.00","$0.00","$0.00","$0.00","$0.00","$0.00","$0.00","$0.00","$0.00","$0.00","$0.00","$0.00","$0.00","$32,579.00","$168,372.00","$313,253.00"
"Average","Expense","Estimated Income Tax Payments","$31,303.00","$32,070.00","$32,876.00","$12,178.00","$68,524.00","$107,860.00","$79,814.00","$47,485.00","$50,123.00","$51,396.00","$52,702.00","$89,337.00","$125,620.00","$130,541.00","$134,041.00","$139,523.00","$145,000.00","$148,939.00","$152,783.00","$156,690.00","$160,689.00","$164,789.00","$168,994.00","$173,305.00","$134,817.00","$0.00","$0.00","$0.00","$0.00","$0.00","$0.00","$0.00","$0.00","$0.00","$0.00","$0.00","$0.00","$0.00","$0.00","$0.00","$0.00","$0.00","$0.00","$0.00","$0.00","$0.00"
"Average","Expense","Capital Gains Tax Payments","$0.00","$0.00","$0.00","$0.00","$6,009.00","$6,543.00","$0.00","$849.00","$2,673.00","$4,522.00","$6,349.00","$8,167.00","$2,116.00","$0.00","$0.00","$0.00","$0.00","$0.00","$0.00","$0.00","$0.00","$0.00","$0.00","$0.00","$0.00","$0.00","$0.00","$0.00","$0.00","$0.00","$0.00","$0.00","$0.00","$0.00","$0.00","$0.00","$0.00","$0.00","$0.00","$0.00","$0.00","$0.00","$0.00","$0.00","$0.00","$0.00"
"Average","Expense","Non-Mortgage Debt Payments","$6,000.00","$4,739.00","$0.00","$0.00","$0.00","$0.00","$0.00","$0.00","$0.00","$0.00","$0.00","$0.00","$0.00","$0.00","$0.00","$0.00","$0.00","$0.00","$0.00","$0.00","$0.00","$0.00","$0.00","$0.00","$0.00","$0.00","$0.00","$0.00","$0.00","$0.00","$0.00","$0.00","$0.00","$0.00","$0.00","$0.00","$0.00","$0.00","$0.00","$0.00","$0.00","$0.00","$0.00","$0.00","$0.00","$0.00"
"Average","Expense","General recurring","$60,000.00","$61,524.00","$63,086.00","$64,689.00","$66,332.00","$68,017.00","$69,744.00","$71,516.00","$73,332.00","$75,195.00","$77,105.00","$79,063.00","$81,072.00","$83,131.00","$85,242.00","$87,407.00","$89,628.00","$91,904.00","$94,239.00","$96,632.00","$99,087.00","$101,604.00","$104,184.00","$106,831.00","$109,544.00","$112,326.00","$115,180.00","$118,105.00","$121,105.00","$124,181.00","$127,335.00","$130,570.00","$133,886.00","$137,287.00","$140,774.00","$144,350.00","$148,016.00","$151,776.00","$155,631.00","$159,584.00","$163,637.00","$167,794.00","$172,056.00","$176,426.00","$180,907.00","$185,502.00"
"Average","Expense","Unsaved Excess Income","$0.00","$113.00","$1,011.00","$4,978.00","$0.00","$0.00","$0.00","$0.00","$0.00","$0.00","$0.00","$0.00","$0.00","$0.00","$0.00","$0.00","$0.00","$0.00","$0.00","$0.00","$0.00","$0.00","$0.00","$0.00","$0.00","$32,005.00","$0.00","$0.00","$0.00","$0.00","$0.00","$0.00","$0.00","$0.00","$0.00","$0.00","$0.00","$0.00","$0.00","$0.00","$0.00","$0.00","$0.00","$0.00","$0.00","$0.00"
"Average","Expense","Rent","$0.00","$0.00","$0.00","$0.00","$0.00","$0.00","$41,846.00","$42,909.00","$43,999.00","$45,117.00","$46,263.00","$47,438.00","$48,643.00","$49,878.00","$51,145.00","$52,444.00","$53,776.00","$55,142.00","$56,543.00","$57,979.00","$59,452.00","$60,962.00","$62,510.00","$64,098.00","$65,726.00","$67,396.00","$69,108.00","$70,863.00","$72,663.00","$74,508.00","$76,401.00","$78,342.00","$80,331.00","$82,372.00","$84,464.00","$86,610.00","$88,809.00","$91,065.00","$93,378.00","$95,750.00","$98,182.00","$100,676.00","$103,233.00","$105,855.00","$108,544.00","$111,301.00"
"Average","Expense","IRMAA","$0.00","$0.00","$0.00","$0.00","$0.00","$0.00","$0.00","$0.00","$0.00","$0.00","$0.00","$0.00","$0.00","$0.00","$0.00","$9,247.00","$9,482.00","$9,723.00","$9,970.00","$10,223.00","$10,483.00","$10,749.00","$11,022.00","$11,302.00","$11,589.00","$11,884.00","$0.00","$0.00","$0.00","$0.00","$0.00","$0.00","$0.00","$0.00","$0.00","$0.00","$0.00","$0.00","$0.00","$0.00","$0.00","$0.00","$0.00","$0.00","$0.00","$0.00"
"Average","Contributions","Real Estate: Investments","$0.00","$0.00","$0.00","$0.00","$0.00","$0.00","$781,469.00","$0.00","$0.00","$0.00","$0.00","$0.00","$0.00","$0.00","$0.00","$0.00","$0.00","$0.00","$0.00","$0.00","$0.00","$0.00","$0.00","$0.00","$0.00","$0.00","$0.00","$0.00","$0.00","$0.00","$0.00","$0.00","$0.00","$0.00","$0.00","$0.00","$0.00","$0.00","$0.00","$0.00","$0.00","$0.00","$0.00","$0.00","$0.00","$0.00"
"Average","Contributions","Returns: Cash Savings","$164.00","$98.00","$97.00","$69.00","$0.00","$0.00","$0.00","$0.00","$0.00","$0.00","$0.00","$0.00","$0.00","$0.00","$0.00","$0.00","$0.00","$0.00","$0.00","$0.00","$0.00","$0.00","$0.00","$0.00","$0.00","$0.00","$0.00","$0.00","$0.00","$0.00","$0.00","$0.00","$0.00","$0.00","$0.00","$0.00","$0.00","$0.00","$0.00","$0.00","$0.00","$0.00","$0.00","$0.00","$0.00","$0.00"
"Average","Contributions","Returns: HSA","$20,595.00","$22,408.00","$24,380.00","$26,526.00","$28,861.00","$31,401.00","$34,165.00","$37,172.00","$40,443.00","$44,003.00","$47,876.00","$52,090.00","$56,674.00","$61,663.00","$67,090.00","$72,995.00","$79,420.00","$86,410.00","$94,015.00","$102,290.00","$111,293.00","$121,089.00","$131,746.00","$143,342.00","$155,958.00","$169,685.00","$184,620.00","$200,869.00","$218,549.00","$237,784.00","$258,713.00","$281,484.00","$306,258.00","$333,214.00","$362,542.00","$394,451.00","$429,168.00","$466,942.00","$508,040.00","$552,755.00","$601,406.00","$654,338.00","$711,930.00","$774,591.00","$842,766.00","$916,942.00"
"Average","Contributions","Returns: Investments","$4,936.00","$5,532.00","$6,249.00","$6,726.00","$768.00","$0.00","$49,381.00","$45,322.00","$35,131.00","$23,608.00","$10,647.00","$437.00","$0.00","$0.00","$0.00","$0.00","$0.00","$0.00","$0.00","$0.00","$0.00","$0.00","$0.00","$0.00","$0.00","$844.00","$0.00","$0.00","$0.00","$0.00","$0.00","$0.00","$0.00","$0.00","$0.00","$0.00","$0.00","$0.00","$0.00","$0.00","$0.00","$0.00","$0.00","$0.00","$0.00","$0.00"
"Average","Contributions","Returns: Retirement Savings","$240,996.00","$263,809.00","$288,672.00","$315,591.00","$340,510.00","$331,779.00","$329,948.00","$336,703.00","$343,487.00","$350,287.00","$357,091.00","$358,153.00","$343,805.00","$332,369.00","$318,854.00","$302,624.00","$282,980.00","$260,393.00","$234,602.00","$205,298.00","$172,142.00","$134,761.00","$92,751.00","$45,671.00","$737.00","$0.00","$0.00","$0.00","$0.00","$0.00","$0.00","$0.00","$0.00","$0.00","$0.00","$0.00","$0.00","$0.00","$0.00","$0.00","$0.00","$0.00","$0.00","$0.00","$0.00","$0.00"
"Average","Contributions","Returns: Roth IRA","$25,172.00","$27,387.00","$29,798.00","$32,421.00","$35,274.00","$59,574.00","$86,550.00","$116,453.00","$149,554.00","$186,148.00","$226,559.00","$271,136.00","$320,263.00","$370,781.00","$426,313.00","$487,314.00","$554,541.00","$628,303.00","$709,192.00","$797,850.00","$894,977.00","$1,001,337.00","$1,117,758.00","$1,245,145.00","$1,378,170.00","$1,487,328.00","$1,608,058.00","$1,738,345.00","$1,879,809.00","$2,033,428.00","$2,200,262.00","$2,381,468.00","$2,578,303.00","$2,792,132.00","$3,024,445.00","$3,276,859.00","$3,551,134.00","$3,849,185.00","$4,173,096.00","$4,525,132.00","$4,907,760.00","$5,323,661.00","$5,775,754.00","$6,266,867.00","$6,793,866.00","$7,351,519.00"
"Average","Contributions","Monthly Savings: Retirement Savings","$18,000.00","$18,457.00","$18,926.00","$9,703.00","$0.00","$0.00","$0.00","$0.00","$0.00","$0.00","$0.00","$0.00","$0.00","$0.00","$0.00","$0.00","$0.00","$0.00","$0.00","$0.00","$0.00","$0.00","$0.00","$0.00","$0.00","$0.00","$0.00","$0.00","$0.00","$0.00","$0.00","$0.00","$0.00","$0.00","$0.00","$0.00","$0.00","$0.00","$0.00","$0.00","$0.00","$0.00","$0.00","$0.00","$0.00","$0.00"
"Average","Contributions","Monthly Savings: Cash Savings","$1,200.00","$1,230.00","$1,261.00","$646.00","$0.00","$0.00","$0.00","$0.00","$0.00","$0.00","$0.00","$0.00","$0.00","$0.00","$0.00","$0.00","$0.00","$0.00","$0.00","$0.00","$0.00","$0.00","$0.00","$0.00","$0.00","$0.00","$0.00","$0.00","$0.00","$0.00","$0.00","$0.00","$0.00","$0.00","$0.00","$0.00","$0.00","$0.00","$0.00","$0.00","$0.00","$0.00","$0.00","$0.00","$0.00","$0.00"
"Average","Contributions","Monthly Savings: Investments","$2,400.00","$2,460.00","$2,523.00","$1,293.00","$0.00","$0.00","$0.00","$0.00","$0.00","$0.00","$0.00","$0.00","$0.00","$0.00","$0.00","$0.00","$0.00","$0.00","$0.00","$0.00","$0.00","$0.00","$0.00","$0.00","$0.00","$0.00","$0.00","$0.00","$0.00","$0.00","$0.00","$0.00","$0.00","$0.00","$0.00","$0.00","$0.00","$0.00","$0.00","$0.00","$0.00","$0.00","$0.00","$0.00","$0.00","$0.00"
"Average","Contributions","Transfer: Roth IRA","$0.00","$0.00","$0.00","$0.00","$240,808.00","$246,924.00","$253,196.00","$259,628.00","$266,221.00","$272,984.00","$279,917.00","$287,027.00","$253,710.00","$260,153.00","$266,762.00","$276,502.00","$283,524.00","$290,727.00","$298,112.00","$305,683.00","$313,447.00","$321,410.00","$329,573.00","$337,944.00","$0.00","$0.00","$0.00","$0.00","$0.00","$0.00","$0.00","$0.00","$0.00","$0.00","$0.00","$0.00","$0.00","$0.00","$0.00","$0.00","$0.00","$0.00","$0.00","$0.00","$0.00","$0.00"
"Average","Contributions","Excess Income","$0.00","$170.00","$1,517.00","$7,467.00","$0.00","$0.00","$0.00","$0.00","$0.00","$0.00","$0.00","$0.00","$0.00","$0.00","$0.00","$0.00","$0.00","$0.00","$0.00","$0.00","$0.00","$0.00","$0.00","$0.00","$0.00","$48,008.00","$0.00","$0.00","$0.00","$0.00","$0.00","$0.00","$0.00","$0.00","$0.00","$0.00","$0.00","$0.00","$0.00","$0.00","$0.00","$0.00","$0.00","$0.00","$0.00","$0.00"
"Average","Withdrawals","Transfer: Retirement Savings","$0.00","$0.00","$0.00","$0.00","$240,808.00","$246,924.00","$253,196.00","$259,628.00","$266,221.00","$272,984.00","$279,917.00","$287,027.00","$253,710.00","$260,153.00","$266,762.00","$276,502.00","$283,524.00","$290,727.00","$298,112.00","$305,683.00","$313,447.00","$321,410.00","$329,573.00","$337,944.00","$0.00","$0.00","$0.00","$0.00","$0.00","$0.00","$0.00","$0.00","$0.00","$0.00","$0.00","$0.00","$0.00","$0.00","$0.00","$0.00","$0.00","$0.00","$0.00","$0.00","$0.00","$0.00"
"Average","Withdrawals","Shortfall: Cash Savings","$5,107.00","$3,311.00","$0.00","$6,349.00","$0.00","$0.00","$0.00","$0.00","$0.00","$0.00","$0.00","$0.00","$0.00","$0.00","$0.00","$0.00","$0.00","$0.00","$0.00","$0.00","$0.00","$0.00","$0.00","$0.00","$0.00","$0.00","$0.00","$0.00","$0.00","$0.00","$0.00","$0.00","$0.00","$0.00","$0.00","$0.00","$0.00","$0.00","$0.00","$0.00","$0.00","$0.00","$0.00","$0.00","$0.00","$0.00"
"Average","Withdrawals","Shortfall: Investments","$0.00","$0.00","$0.00","$49,339.00","$52,708.00","$0.00","$195,064.00","$166,541.00","$174,037.00","$180,271.00","$186,595.00","$43,485.00","$0.00","$0.00","$0.00","$0.00","$0.00","$0.00","$0.00","$0.00","$0.00","$0.00","$0.00","$0.00","$0.00","$48,852.00","$0.00","$0.00","$0.00","$0.00","$0.00","$0.00","$0.00","$0.00","$0.00","$0.00","$0.00","$0.00","$0.00","$0.00","$0.00","$0.00","$0.00","$0.00","$0.00","$0.00"
"Average","Withdrawals","Shortfall: Retirement Savings","$0.00","$0.00","$0.00","$0.00","$122,781.00","$217,160.00","$0.00","$0.00","$0.00","$0.00","$0.00","$184,835.00","$217,500.00","$222,621.00","$228,502.00","$244,718.00","$252,467.00","$259,165.00","$265,847.00","$272,661.00","$279,639.00","$286,794.00","$294,131.00","$301,655.00","$84,375.00","$0.00","$0.00","$0.00","$0.00","$0.00","$0.00","$0.00","$0.00","$0.00","$0.00","$0.00","$0.00","$0.00","$0.00","$0.00","$0.00","$0.00","$0.00","$0.00","$0.00","$0.00"
"Average","Withdrawals","Shortfall: Roth IRA","$0.00","$0.00","$0.00","$0.00","$0.00","$0.00","$0.00","$0.00","$0.00","$0.00","$0.00","$0.00","$0.00","$0.00","$0.00","$0.00","$0.00","$0.00","$0.00","$0.00","$0.00","$0.00","$0.00","$0.00","$182,088.00","$86,177.00","$126,317.00","$129,562.00","$132,896.00","$136,322.00","$139,831.00","$143,426.00","$147,124.00","$150,915.00","$154,791.00","$158,781.00","$162,875.00","$167,066.00","$171,370.00","$175,791.00","$180,321.00","$184,965.00","$189,727.00","$227,203.00","$368,008.00","$518,033.00"
"Average","Taxes","Federal Income Tax","$19,972.00","$20,463.00","$20,981.00","$6,067.00","$86,499.00","$120,638.00","$47,671.00","$48,882.00","$50,123.00","$51,397.00","$52,702.00","$116,572.00","$128,323.00","$131,441.00","$134,857.00","$141,920.00","$146,063.00","$149,873.00","$153,713.00","$157,638.00","$161,660.00","$165,785.00","$170,015.00","$174,353.00","$12,840.00","$0.00","$0.00","$0.00","$0.00","$0.00","$0.00","$0.00","$0.00","$0.00","$0.00","$0.00","$0.00","$0.00","$0.00","$0.00","$0.00","$0.00","$0.00","$0.00","$0.00","$0.00"
"Average","Taxes","Federal Capital Gains Tax","$0.00","$0.00","$0.00","$6,009.00","$6,543.00","$0.00","$849.00","$2,673.00","$4,522.00","$6,349.00","$8,167.00","$2,116.00","$0.00","$0.00","$0.00","$0.00","$0.00","$0.00","$0.00","$0.00","$0.00","$0.00","$0.00","$0.00","$0.00","$0.00","$0.00","$0.00","$0.00","$0.00","$0.00","$0.00","$0.00","$0.00","$0.00","$0.00","$0.00","$0.00","$0.00","$0.00","$0.00","$0.00","$0.00","$0.00","$0.00","$0.00"
"Average","Taxes","FICA","$11,321.00","$11,609.00","$11,904.00","$6,103.00","$0.00","$0.00","$0.00","$0.00","$0.00","$0.00","$0.00","$0.00","$0.00","$0.00","$0.00","$0.00","$0.00","$0.00","$0.00","$0.00","$0.00","$0.00","$0.00","$0.00","$0.00","$0.00","$0.00","$0.00","$0.00","$0.00","$0.00","$0.00","$0.00","$0.00","$0.00","$0.00","$0.00","$0.00","$0.00","$0.00","$0.00","$0.00","$0.00","$0.00","$0.00","$0.00"
"Pessimistic","Accounts","Cash Savings","$6,233.00","$3,510.00","$4,850.00","$0.00","$0.00","$0.00","$0.00","$0.00","$0.00","$0.00","$0.00","$0.00","$0.00","$0.00","$0.00","$0.00","$0.00","$0.00","$0.00","$0.00","$0.00","$0.00","$0.00","$0.00","$0.00","$0.00","$0.00","$0.00","$0.00","$0.00","$0.00","$0.00","$0.00","$0.00","$0.00","$0.00","$0.00","$0.00","$0.00","$0.00","$0.00","$0.00","$0.00","$0.00","$0.00","$0.00"
"Pessimistic","Accounts","CC","−$4,583.00","$0.00","$0.00","$0.00","$0.00","$0.00","$0.00","$0.00","$0.00","$0.00","$0.00","$0.00","$0.00","$0.00","$0.00","$0.00","$0.00","$0.00","$0.00","$0.00","$0.00","$0.00","$0.00","$0.00","$0.00","$0.00","$0.00","$0.00","$0.00","$0.00","$0.00","$0.00","$0.00","$0.00","$0.00","$0.00","$0.00","$0.00","$0.00","$0.00","$0.00","$0.00","$0.00","$0.00","$0.00","$0.00"
"Pessimistic","Accounts","HSA","$250,480.00","$268,121.00","$287,005.00","$307,219.00","$328,857.00","$352,018.00","$376,811.00","$403,349.00","$431,757.00","$462,166.00","$494,717.00","$529,559.00","$566,856.00","$606,780.00","$649,516.00","$695,261.00","$744,228.00","$796,644.00","$852,752.00","$912,811.00","$977,101.00","$1,045,918.00","$1,119,582.00","$1,198,434.00","$1,282,840.00","$1,373,190.00","$1,469,904.00","$1,573,430.00","$1,684,246.00","$1,802,868.00","$1,929,844.00","$2,065,763.00","$2,211,255.00","$2,366,993.00","$2,533,701.00","$2,712,149.00","$2,903,166.00","$3,107,636.00","$3,326,507.00","$3,560,793.00","$3,811,579.00","$4,080,029.00","$4,367,385.00","$4,674,980.00","$5,004,239.00","$5,356,688.00"
"Pessimistic","Accounts","Investments","$66,349.00","$73,269.00","$81,096.00","$43,340.00","$0.00","$0.00","$576,522.00","$438,713.00","$283,823.00","$112,033.00","$0.00","$0.00","$0.00","$0.00","$0.00","$0.00","$0.00","$0.00","$0.00","$0.00","$0.00","$0.00","$0.00","$0.00","$0.00","$0.00","$0.00","$0.00","$0.00","$0.00","$0.00","$0.00","$0.00","$0.00","$0.00","$0.00","$0.00","$0.00","$0.00","$0.00","$0.00","$0.00","$0.00","$0.00","$0.00","$0.00"
"Pessimistic","Accounts","Retirement Savings","$2,940,847.00","$3,167,111.00","$3,409,894.00","$3,660,388.00","$3,539,110.00","$3,314,157.00","$3,294,377.00","$3,266,772.00","$3,230,629.00","$3,185,179.00","$3,034,212.00","$2,692,766.00","$2,389,080.00","$2,058,645.00","$1,692,894.00","$1,273,678.00","$809,046.00","$296,714.00","$0.00","$0.00","$0.00","$0.00","$0.00","$0.00","$0.00","$0.00","$0.00","$0.00","$0.00","$0.00","$0.00","$0.00","$0.00","$0.00","$0.00","$0.00","$0.00","$0.00","$0.00","$0.00","$0.00","$0.00","$0.00","$0.00","$0.00","$0.00"
"Pessimistic","Accounts","Roth IRA","$306,142.00","$327,704.00","$350,784.00","$375,490.00","$642,744.00","$934,936.00","$1,253,980.00","$1,601,926.00","$1,980,971.00","$2,393,474.00","$2,841,964.00","$3,329,150.00","$3,817,332.00","$4,346,340.00","$4,919,215.00","$5,542,177.00","$6,216,037.00","$6,944,559.00","$7,464,903.00","$7,828,652.00","$8,222,938.00","$8,649,261.00","$9,101,042.00","$9,579,944.00","$10,087,738.00","$10,700,594.00","$11,305,735.00","$11,948,904.00","$12,632,644.00","$13,359,668.00","$14,132,863.00","$14,955,335.00","$15,830,378.00","$16,761,548.00","$17,752,607.00","$18,807,610.00","$19,930,878.00","$21,127,028.00","$22,401,005.00","$23,758,083.00","$25,203,907.00","$26,744,528.00","$28,386,395.00","$30,092,988.00","$31,726,502.00","$33,263,397.00"
"Pessimistic","Accounts","Housing","$698,759.00","$723,356.00","$748,818.00","$775,176.00","$802,463.00","$830,709.00","$0.00","$0.00","$0.00","$0.00","$0.00","$0.00","$0.00","$0.00","$0.00","$0.00","$0.00","$0.00","$0.00","$0.00","$0.00","$0.00","$0.00","$0.00","$0.00","$0.00","$0.00","$0.00","$0.00","$0.00","$0.00","$0.00","$0.00","$0.00","$0.00","$0.00","$0.00","$0.00","$0.00","$0.00","$0.00","$0.00","$0.00","$0.00","$0.00","$0.00"
"Pessimistic","Accounts","Other Assets","$514,999.00","$530,450.00","$546,363.00","$562,754.00","$579,637.00","$597,026.00","$614,936.00","$633,385.00","$652,386.00","$671,958.00","$692,116.00","$712,880.00","$734,266.00","$756,294.00","$778,983.00","$802,353.00","$826,423.00","$851,216.00","$876,753.00","$903,055.00","$930,147.00","$958,051.00","$986,793.00","$1,016,397.00","$1,046,888.00","$1,078,295.00","$1,110,644.00","$1,143,963.00","$1,178,282.00","$1,213,631.00","$1,250,040.00","$1,287,541.00","$1,326,167.00","$1,365,952.00","$1,406,931.00","$1,449,139.00","$1,492,613.00","$1,537,391.00","$1,583,513.00","$1,631,018.00","$1,679,949.00","$1,730,347.00","$1,782,258.00","$1,835,726.00","$1,890,797.00","$1,947,521.00"
"Pessimistic","Accounts","Non-mortgage Debt","−$4,583.00","$0.00","$0.00","$0.00","$0.00","$0.00","$0.00","$0.00","$0.00","$0.00","$0.00","$0.00","$0.00","$0.00","$0.00","$0.00","$0.00","$0.00","$0.00","$0.00","$0.00","$0.00","$0.00","$0.00","$0.00","$0.00","$0.00","$0.00","$0.00","$0.00","$0.00","$0.00","$0.00","$0.00","$0.00","$0.00","$0.00","$0.00","$0.00","$0.00","$0.00","$0.00","$0.00","$0.00","$0.00","$0.00"
"Pessimistic","Income","Investment Income","$131.00","$72.00","$65.00","$48.00","$0.00","$0.00","$0.00","$0.00","$0.00","$0.00","$0.00","$0.00","$0.00","$0.00","$0.00","$0.00","$0.00","$0.00","$0.00","$0.00","$0.00","$0.00","$0.00","$0.00","$0.00","$0.00","$0.00","$0.00","$0.00","$0.00","$0.00","$0.00","$0.00","$0.00","$0.00","$0.00","$0.00","$0.00","$0.00","$0.00","$0.00","$0.00","$0.00","$0.00","$0.00","$0.00"
"Pessimistic","Income","Savings Drawdown","$5,097.00","$4,032.00","$0.00","$56,059.00","$178,996.00","$219,337.00","$197,775.00","$170,123.00","$177,975.00","$184,620.00","$208,644.00","$259,233.00","$230,908.00","$230,046.00","$235,319.00","$252,695.00","$261,219.00","$268,717.00","$276,233.00","$186,597.00","$188,846.00","$185,611.00","$190,967.00","$196,467.00","$202,127.00","$139,601.00","$143,913.00","$148,362.00","$152,944.00","$157,666.00","$162,544.00","$167,563.00","$172,752.00","$178,085.00","$183,602.00","$189,278.00","$195,130.00","$201,168.00","$207,387.00","$213,808.00","$220,429.00","$227,245.00","$234,279.00","$284,591.00","$472,943.00","$676,048.00"
"Pessimistic","Income","Work","$147,996.00","$151,003.00","$154,071.00","$78,601.00","$0.00","$0.00","$0.00","$0.00","$0.00","$0.00","$0.00","$0.00","$0.00","$0.00","$0.00","$0.00","$0.00","$0.00","$0.00","$0.00","$0.00","$0.00","$0.00","$0.00","$0.00","$0.00","$0.00","$0.00","$0.00","$0.00","$0.00","$0.00","$0.00","$0.00","$0.00","$0.00","$0.00","$0.00","$0.00","$0.00","$0.00","$0.00","$0.00","$0.00","$0.00","$0.00"
"Pessimistic","Income","Social Security","$0.00","$0.00","$0.00","$0.00","$0.00","$0.00","$0.00","$0.00","$0.00","$0.00","$0.00","$0.00","$47,124.00","$48,564.00","$50,040.00","$51,564.00","$53,136.00","$54,756.00","$56,424.00","$58,152.00","$59,916.00","$61,752.00","$63,624.00","$65,568.00","$67,572.00","$69,624.00","$71,748.00","$73,932.00","$76,188.00","$78,516.00","$80,904.00","$83,376.00","$85,908.00","$88,536.00","$91,224.00","$94,008.00","$96,876.00","$99,828.00","$102,876.00","$106,008.00","$109,236.00","$112,572.00","$116,004.00","$119,532.00","$123,180.00","$126,936.00"
"Pessimistic","Income","Primary Home Sale","$0.00","$0.00","$0.00","$0.00","$0.00","$0.00","$737,445.00","$0.00","$0.00","$0.00","$0.00","$0.00","$0.00","$0.00","$0.00","$0.00","$0.00","$0.00","$0.00","$0.00","$0.00","$0.00","$0.00","$0.00","$0.00","$0.00","$0.00","$0.00","$0.00","$0.00","$0.00","$0.00","$0.00","$0.00","$0.00","$0.00","$0.00","$0.00","$0.00","$0.00","$0.00","$0.00","$0.00","$0.00","$0.00","$0.00"
"Pessimistic","Expense","Medical","$3,000.00","$3,120.00","$3,246.00","$3,377.00","$3,513.00","$3,655.00","$3,802.00","$3,956.00","$4,115.00","$4,281.00","$4,454.00","$4,634.00","$4,820.00","$5,015.00","$5,217.00","$4,404.00","$4,112.00","$4,277.00","$4,450.00","$4,629.00","$4,816.00","$5,010.00","$5,212.00","$5,422.00","$5,641.00","$5,868.00","$6,105.00","$6,351.00","$6,607.00","$6,874.00","$7,151.00","$7,439.00","$7,739.00","$8,051.00","$8,376.00","$8,714.00","$9,065.00","$9,431.00","$9,811.00","$10,206.00","$10,618.00","$11,046.00","$11,492.00","$11,955.00","$12,437.00","$12,938.00"
"Pessimistic","Expense","Mortgage","$31,200.00","$31,200.00","$31,200.00","$31,200.00","$31,200.00","$31,200.00","$0.00","$0.00","$0.00","$0.00","$0.00","$0.00","$0.00","$0.00","$0.00","$0.00","$0.00","$0.00","$0.00","$0.00","$0.00","$0.00","$0.00","$0.00","$0.00","$0.00","$0.00","$0.00","$0.00","$0.00","$0.00","$0.00","$0.00","$0.00","$0.00","$0.00","$0.00","$0.00","$0.00","$0.00","$0.00","$0.00","$0.00","$0.00","$0.00","$0.00"
"Pessimistic","Expense","Long Term Care","$0.00","$0.00","$0.00","$0.00","$0.00","$0.00","$0.00","$0.00","$0.00","$0.00","$0.00","$0.00","$0.00","$0.00","$0.00","$0.00","$0.00","$0.00","$0.00","$0.00","$0.00","$0.00","$0.00","$0.00","$0.00","$0.00","$0.00","$0.00","$0.00","$0.00","$0.00","$0.00","$0.00","$0.00","$0.00","$0.00","$0.00","$0.00","$0.00","$0.00","$0.00","$0.00","$0.00","$43,049.00","$223,927.00","$419,320.00"
"Pessimistic","Expense","Estimated Income Tax Payments","$31,293.00","$31,748.00","$32,220.00","$11,889.00","$70,764.00","$109,278.00","$79,022.00","$47,012.00","$49,568.00","$50,754.00","$69,193.00","$117,031.00","$135,570.00","$131,759.00","$133,983.00","$139,281.00","$144,775.00","$148,684.00","$152,499.00","$59,057.00","$60,513.00","$62,010.00","$63,538.00","$65,108.00","$66,716.00","$0.00","$0.00","$0.00","$0.00","$0.00","$0.00","$0.00","$0.00","$0.00","$0.00","$0.00","$0.00","$0.00","$0.00","$0.00","$0.00","$0.00","$0.00","$0.00","$0.00","$0.00"
"Pessimistic","Expense","Capital Gains Tax Payments","$0.00","$0.00","$0.00","$0.00","$5,862.00","$5,485.00","$0.00","$701.00","$2,227.00","$3,798.00","$5,378.00","$3,999.00","$0.00","$0.00","$0.00","$0.00","$0.00","$0.00","$0.00","$0.00","$0.00","$0.00","$0.00","$0.00","$0.00","$0.00","$0.00","$0.00","$0.00","$0.00","$0.00","$0.00","$0.00","$0.00","$0.00","$0.00","$0.00","$0.00","$0.00","$0.00","$0.00","$0.00","$0.00","$0.00","$0.00","$0.00"
"Pessimistic","Expense","Non-Mortgage Debt Payments","$6,000.00","$4,739.00","$0.00","$0.00","$0.00","$0.00","$0.00","$0.00","$0.00","$0.00","$0.00","$0.00","$0.00","$0.00","$0.00","$0.00","$0.00","$0.00","$0.00","$0.00","$0.00","$0.00","$0.00","$0.00","$0.00","$0.00","$0.00","$0.00","$0.00","$0.00","$0.00","$0.00","$0.00","$0.00","$0.00","$0.00","$0.00","$0.00","$0.00","$0.00","$0.00","$0.00","$0.00","$0.00","$0.00","$0.00"
"Pessimistic","Expense","General recurring","$60,000.00","$61,828.00","$63,713.00","$65,655.00","$67,656.00","$69,718.00","$71,843.00","$74,033.00","$76,290.00","$78,615.00","$81,011.00","$83,480.00","$86,025.00","$88,647.00","$91,349.00","$94,133.00","$97,002.00","$99,959.00","$103,006.00","$106,145.00","$109,381.00","$112,715.00","$116,150.00","$119,690.00","$123,339.00","$127,098.00","$130,972.00","$134,964.00","$139,078.00","$143,317.00","$147,685.00","$152,187.00","$156,825.00","$161,605.00","$166,531.00","$171,607.00","$176,838.00","$182,228.00","$187,782.00","$193,505.00","$199,404.00","$205,481.00","$211,744.00","$218,198.00","$224,849.00","$231,703.00"
"Pessimistic","Expense","Unsaved Excess Income","$0.00","$55.00","$301.00","$4,288.00","$0.00","$0.00","$0.00","$0.00","$0.00","$0.00","$0.00","$0.00","$0.00","$0.00","$0.00","$0.00","$0.00","$0.00","$0.00","$19,033.00","$23,569.00","$24,151.00","$24,748.00","$25,358.00","$25,984.00","$29,112.00","$0.00","$0.00","$0.00","$0.00","$0.00","$0.00","$0.00","$0.00","$0.00","$0.00","$0.00","$0.00","$0.00","$0.00","$0.00","$0.00","$0.00","$0.00","$0.00","$0.00"
"Pessimistic","Expense","Rent","$0.00","$0.00","$0.00","$0.00","$0.00","$0.00","$43,106.00","$44,420.00","$45,774.00","$47,169.00","$48,606.00","$50,088.00","$51,615.00","$53,188.00","$54,809.00","$56,480.00","$58,201.00","$59,975.00","$61,803.00","$63,687.00","$65,628.00","$67,629.00","$69,690.00","$71,814.00","$74,003.00","$76,259.00","$78,583.00","$80,978.00","$83,446.00","$85,990.00","$88,611.00","$91,312.00","$94,095.00","$96,963.00","$99,918.00","$102,964.00","$106,102.00","$109,336.00","$112,669.00","$116,103.00","$119,642.00","$123,289.00","$127,046.00","$130,919.00","$134,909.00","$139,021.00"
"Pessimistic","Expense","IRMAA","$0.00","$0.00","$0.00","$0.00","$0.00","$0.00","$0.00","$0.00","$0.00","$0.00","$0.00","$0.00","$0.00","$0.00","$0.00","$9,959.00","$10,262.00","$10,575.00","$10,898.00","$11,230.00","$8,422.00","$0.00","$0.00","$0.00","$0.00","$0.00","$0.00","$0.00","$0.00","$0.00","$0.00","$0.00","$0.00","$0.00","$0.00","$0.00","$0.00","$0.00","$0.00","$0.00","$0.00","$0.00","$0.00","$0.00","$0.00","$0.00"
"Pessimistic","Contributions","Real Estate: Investments","$0.00","$0.00","$0.00","$0.00","$0.00","$0.00","$737,445.00","$0.00","$0.00","$0.00","$0.00","$0.00","$0.00","$0.00","$0.00","$0.00","$0.00","$0.00","$0.00","$0.00","$0.00","$0.00","$0.00","$0.00","$0.00","$0.00","$0.00","$0.00","$0.00","$0.00","$0.00","$0.00","$0.00","$0.00","$0.00","$0.00","$0.00","$0.00","$0.00","$0.00","$0.00","$0.00","$0.00","$0.00","$0.00","$0.00"
"Pessimistic","Contributions","Returns: Cash Savings","$131.00","$72.00","$65.00","$48.00","$0.00","$0.00","$0.00","$0.00","$0.00","$0.00","$0.00","$0.00","$0.00","$0.00","$0.00","$0.00","$0.00","$0.00","$0.00","$0.00","$0.00","$0.00","$0.00","$0.00","$0.00","$0.00","$0.00","$0.00","$0.00","$0.00","$0.00","$0.00","$0.00","$0.00","$0.00","$0.00","$0.00","$0.00","$0.00","$0.00","$0.00","$0.00","$0.00","$0.00","$0.00","$0.00"
"Pessimistic","Contributions","Returns: HSA","$16,480.00","$17,641.00","$18,883.00","$20,213.00","$21,637.00","$23,161.00","$24,792.00","$26,538.00","$28,407.00","$30,408.00","$32,550.00","$34,842.00","$37,296.00","$39,923.00","$42,735.00","$45,745.00","$48,967.00","$52,416.00","$56,107.00","$60,059.00","$64,289.00","$68,817.00","$73,664.00","$78,852.00","$84,405.00","$90,350.00","$96,713.00","$103,525.00","$110,816.00","$118,621.00","$126,976.00","$135,918.00","$145,491.00","$155,738.00","$166,707.00","$178,448.00","$191,016.00","$204,470.00","$218,870.00","$234,285.00","$250,786.00","$268,449.00","$287,356.00","$307,594.00","$329,258.00","$352,448.00"
"Pessimistic","Contributions","Returns: Investments","$3,949.00","$4,362.00","$4,825.00","$5,003.00","$434.00","$0.00","$36,853.00","$32,314.00","$23,086.00","$12,829.00","$2,282.00","$0.00","$0.00","$0.00","$0.00","$0.00","$0.00","$0.00","$0.00","$215.00","$303.00","$321.00","$328.00","$335.00","$342.00","$554.00","$0.00","$0.00","$0.00","$0.00","$0.00","$0.00","$0.00","$0.00","$0.00","$0.00","$0.00","$0.00","$0.00","$0.00","$0.00","$0.00","$0.00","$0.00","$0.00","$0.00"
"Pessimistic","Contributions","Returns: Retirement Savings","$192,847.00","$207,715.00","$223,669.00","$240,645.00","$254,751.00","$241,308.00","$233,416.00","$232,022.00","$230,078.00","$227,533.00","$223,279.00","$204,815.00","$180,932.00","$159,764.00","$136,331.00","$109,981.00","$80,111.00","$47,112.00","$10,758.00","$0.00","$0.00","$0.00","$0.00","$0.00","$0.00","$0.00","$0.00","$0.00","$0.00","$0.00","$0.00","$0.00","$0.00","$0.00","$0.00","$0.00","$0.00","$0.00","$0.00","$0.00","$0.00","$0.00","$0.00","$0.00","$0.00","$0.00"
"Pessimistic","Contributions","Returns: Roth IRA","$20,142.00","$21,561.00","$23,080.00","$24,705.00","$26,445.00","$45,268.00","$65,847.00","$88,317.00","$112,823.00","$139,519.00","$168,572.00","$200,159.00","$234,472.00","$268,854.00","$306,112.00","$346,460.00","$390,335.00","$437,795.00","$489,105.00","$521,580.00","$547,474.00","$575,388.00","$605,298.00","$636,997.00","$670,603.00","$708,234.00","$749,054.00","$791,532.00","$836,684.00","$884,690.00","$935,738.00","$990,035.00","$1,047,796.00","$1,109,255.00","$1,174,661.00","$1,244,281.00","$1,318,398.00","$1,397,317.00","$1,481,364.00","$1,570,885.00","$1,666,253.00","$1,767,865.00","$1,876,147.00","$1,991,183.00","$2,106,458.00","$2,212,942.00"
"Pessimistic","Contributions","Monthly Savings: Retirement Savings","$18,000.00","$18,548.00","$19,114.00","$9,848.00","$0.00","$0.00","$0.00","$0.00","$0.00","$0.00","$0.00","$0.00","$0.00","$0.00","$0.00","$0.00","$0.00","$0.00","$0.00","$0.00","$0.00","$0.00","$0.00","$0.00","$0.00","$0.00","$0.00","$0.00","$0.00","$0.00","$0.00","$0.00","$0.00","$0.00","$0.00","$0.00","$0.00","$0.00","$0.00","$0.00","$0.00","$0.00","$0.00","$0.00","$0.00","$0.00"
"Pessimistic","Contributions","Monthly Savings: Cash Savings","$1,200.00","$1,236.00","$1,274.00","$656.00","$0.00","$0.00","$0.00","$0.00","$0.00","$0.00","$0.00","$0.00","$0.00","$0.00","$0.00","$0.00","$0.00","$0.00","$0.00","$0.00","$0.00","$0.00","$0.00","$0.00","$0.00","$0.00","$0.00","$0.00","$0.00","$0.00","$0.00","$0.00","$0.00","$0.00","$0.00","$0.00","$0.00","$0.00","$0.00","$0.00","$0.00","$0.00","$0.00","$0.00","$0.00","$0.00"
"Pessimistic","Contributions","Monthly Savings: Investments","$2,400.00","$2,473.00","$2,548.00","$1,313.00","$0.00","$0.00","$0.00","$0.00","$0.00","$0.00","$0.00","$0.00","$0.00","$0.00","$0.00","$0.00","$0.00","$0.00","$0.00","$0.00","$0.00","$0.00","$0.00","$0.00","$0.00","$0.00","$0.00","$0.00","$0.00","$0.00","$0.00","$0.00","$0.00","$0.00","$0.00","$0.00","$0.00","$0.00","$0.00","$0.00","$0.00","$0.00","$0.00","$0.00","$0.00","$0.00"
"Pessimistic","Contributions","Transfer: Roth IRA","$0.00","$0.00","$0.00","$0.00","$240,808.00","$246,924.00","$253,196.00","$259,628.00","$266,221.00","$272,984.00","$279,917.00","$287,027.00","$253,710.00","$260,153.00","$266,762.00","$276,502.00","$283,524.00","$290,727.00","$40,365.00","$0.00","$0.00","$0.00","$0.00","$0.00","$0.00","$0.00","$0.00","$0.00","$0.00","$0.00","$0.00","$0.00","$0.00","$0.00","$0.00","$0.00","$0.00","$0.00","$0.00","$0.00","$0.00","$0.00","$0.00","$0.00","$0.00","$0.00"
"Pessimistic","Contributions","Excess Income","$0.00","$83.00","$452.00","$6,432.00","$0.00","$0.00","$0.00","$0.00","$0.00","$0.00","$0.00","$0.00","$0.00","$0.00","$0.00","$0.00","$0.00","$0.00","$0.00","$28,550.00","$35,354.00","$36,226.00","$37,122.00","$38,037.00","$38,977.00","$43,668.00","$0.00","$0.00","$0.00","$0.00","$0.00","$0.00","$0.00","$0.00","$0.00","$0.00","$0.00","$0.00","$0.00","$0.00","$0.00","$0.00","$0.00","$0.00","$0.00","$0.00"
"Pessimistic","Withdrawals","Transfer: Retirement Savings","$0.00","$0.00","$0.00","$0.00","$240,808.00","$246,924.00","$253,196.00","$259,628.00","$266,221.00","$272,984.00","$279,917.00","$287,027.00","$253,710.00","$260,153.00","$266,762.00","$276,502.00","$283,524.00","$290,727.00","$40,365.00","$0.00","$0.00","$0.00","$0.00","$0.00","$0.00","$0.00","$0.00","$0.00","$0.00","$0.00","$0.00","$0.00","$0.00","$0.00","$0.00","$0.00","$0.00","$0.00","$0.00","$0.00","$0.00","$0.00","$0.00","$0.00","$0.00","$0.00"
"Pessimistic","Withdrawals","Shortfall: Cash Savings","$5,097.00","$4,032.00","$0.00","$5,554.00","$0.00","$0.00","$0.00","$0.00","$0.00","$0.00","$0.00","$0.00","$0.00","$0.00","$0.00","$0.00","$0.00","$0.00","$0.00","$0.00","$0.00","$0.00","$0.00","$0.00","$0.00","$0.00","$0.00","$0.00","$0.00","$0.00","$0.00","$0.00","$0.00","$0.00","$0.00","$0.00","$0.00","$0.00","$0.00","$0.00","$0.00","$0.00","$0.00","$0.00","$0.00","$0.00"
"Pessimistic","Withdrawals","Shortfall: Investments","$0.00","$0.00","$0.00","$50,505.00","$43,775.00","$0.00","$197,775.00","$170,123.00","$177,975.00","$184,620.00","$114,315.00","$0.00","$0.00","$0.00","$0.00","$0.00","$0.00","$0.00","$0.00","$28,766.00","$35,658.00","$36,547.00","$37,450.00","$38,372.00","$39,319.00","$44,223.00","$0.00","$0.00","$0.00","$0.00","$0.00","$0.00","$0.00","$0.00","$0.00","$0.00","$0.00","$0.00","$0.00","$0.00","$0.00","$0.00","$0.00","$0.00","$0.00","$0.00"
"Pessimistic","Withdrawals","Shortfall: Retirement Savings","$0.00","$0.00","$0.00","$0.00","$135,221.00","$219,337.00","$0.00","$0.00","$0.00","$0.00","$94,329.00","$259,233.00","$230,908.00","$230,046.00","$235,319.00","$252,695.00","$261,219.00","$268,717.00","$267,107.00","$0.00","$0.00","$0.00","$0.00","$0.00","$0.00","$0.00","$0.00","$0.00","$0.00","$0.00","$0.00","$0.00","$0.00","$0.00","$0.00","$0.00","$0.00","$0.00","$0.00","$0.00","$0.00","$0.00","$0.00","$0.00","$0.00","$0.00"
"Pessimistic","Withdrawals","Shortfall: Roth IRA","$0.00","$0.00","$0.00","$0.00","$0.00","$0.00","$0.00","$0.00","$0.00","$0.00","$0.00","$0.00","$0.00","$0.00","$0.00","$0.00","$0.00","$0.00","$9,126.00","$157,831.00","$153,188.00","$149,064.00","$153,517.00","$158,095.00","$162,808.00","$95,378.00","$143,913.00","$148,362.00","$152,944.00","$157,666.00","$162,544.00","$167,563.00","$172,752.00","$178,085.00","$183,602.00","$189,278.00","$195,130.00","$201,168.00","$207,387.00","$213,808.00","$220,429.00","$227,245.00","$234,279.00","$284,591.00","$472,943.00","$676,048.00"
"Pessimistic","Taxes","Federal Income Tax","$19,964.00","$20,197.00","$20,442.00","$5,870.00","$90,040.00","$120,354.00","$47,277.00","$48,409.00","$49,568.00","$50,754.00","$81,210.00","$139,898.00","$130,779.00","$131,550.00","$134,487.00","$141,595.00","$145,706.00","$149,482.00","$65,118.00","$0.00","$0.00","$0.00","$0.00","$0.00","$0.00","$0.00","$0.00","$0.00","$0.00","$0.00","$0.00","$0.00","$0.00","$0.00","$0.00","$0.00","$0.00","$0.00","$0.00","$0.00","$0.00","$0.00","$0.00","$0.00","$0.00","$0.00"
"Pessimistic","Taxes","Federal Capital Gains Tax","$0.00","$0.00","$0.00","$5,862.00","$5,485.00","$0.00","$701.00","$2,227.00","$3,798.00","$5,378.00","$3,999.00","$0.00","$0.00","$0.00","$0.00","$0.00","$0.00","$0.00","$0.00","$0.00","$0.00","$0.00","$0.00","$0.00","$0.00","$0.00","$0.00","$0.00","$0.00","$0.00","$0.00","$0.00","$0.00","$0.00","$0.00","$0.00","$0.00","$0.00","$0.00","$0.00","$0.00","$0.00","$0.00","$0.00","$0.00","$0.00"
"Pessimistic","Taxes","FICA","$11,321.00","$11,551.00","$11,786.00","$6,012.00","$0.00","$0.00","$0.00","$0.00","$0.00","$0.00","$0.00","$0.00","$0.00","$0.00","$0.00","$0.00","$0.00","$0.00","$0.00","$0.00","$0.00","$0.00","$0.00","$0.00","$0.00","$0.00","$0.00","$0.00","$0.00","$0.00","$0.00","$0.00","$0.00","$0.00","$0.00","$0.00","$0.00","$0.00","$0.00","$0.00","$0.00","$0.00","$0.00","$0.00","$0.00","$0.00"
